dataset,oa,aa,k
indian_pines,0.7401000000000001,0.6241000000000001,0.7024999999999998
paviaU,0.9213,0.9005000000000001,0.8952
