dataset,oa,aa,k
indian_pines,0.7401,0.6241,0.7025
paviaU,0.9213000000000001,0.9005000000000001,0.8952
