dataset,oa,aa,k
salinas,0.9184000000000001,0.9583999999999999,0.9091000000000001
