dataset,target_size,algorithm,time,oa,aa,k,selected_features,selected_weights
indian_pines,5,v0,489.013,0.512,0.369,0.369,7|181|183|187|197,0.8523579239845276|0.6731263995170593|0.8136797547340393|0.4094642400741577|0.34864696860313416
