dataset,target_size,algorithm,time,oa,aa,k,selected_features,selected_weights
indian_pines,5,v0_weight_all,519.663,0.473,0.318,0.318,167|173|187|189|197,0.37909308075904846|0.7666919231414795|0.702075719833374|0.7456387877464294|0.3027647137641907
