dataset,target_size,algorithm,time,oa,aa,k,selected_features,selected_weights
indian_pines,5,v0_weight_all,472.73,0.544,0.422,0.422,4|7|159|173|196,0.6492101550102234|0.3281704783439636|0.7500680088996887|0.9447009563446045|0.4426715075969696
